{
  "camera_matrix": [
    [
      4546.251023173529,
      0.0,
      2864.7518638908314
    ],
    [
      0.0,
      4545.039164539546,
      2251.9267859996426
    ],
    [
      0.0,
      0.0,
      1.0
    ]
  ],
  "dist_coeffs": [
    163.8456718035496,
    72.66997274122113,
    0.000564917182051469,
    0.00039471888127587325,
    -31.811536537635043,
    152.78013872060006,
    79.13396739375648,
    1.2936827957415478,
    0.0,
    0.0,
    0.0,
    0.0,
    0.0,
    0.0
  ],
  "reprojection_error": 0.8263134933414424
}