{
  "camera_matrix": [
    [
      3873.506260651072,
      0.0,
      1938.9083691693806
    ],
    [
      0.0,
      3875.6682168160364,
      2517.431629356836
    ],
    [
      0.0,
      0.0,
      1.0
    ]
  ],
  "dist_coeffs": [
    0.1229611107370602,
    -0.573452679941109,
    -0.001526488603671902,
    0.0020063322257434352,
    0.7840417209677719
  ],
  "reprojection_error": 0.07682331687610153
}